city_name,latitude,longitude,forecast_date,temperature_max,temperature_min,precipitation,precipitation_probability,wind_speed,wind_gusts,weather_code
Casablanca,33.5992,-7.62,2026-09-18,24.5,18.7,0.0,0,13.0,35.3,3
Casablanca,33.5992,-7.62,2026-09-19,26.8,19.4,0.0,0,11.9,32.8,45
Casablanca,33.5992,-7.62,2026-09-20,29.7,20.5,0.0,0,10.5,31.0,2
Casablanca,33.5992,-7.62,2026-09-21,29.2,21.2,0.0,0,10.2,32.0,45
Casablanca,33.5992,-7.62,2026-09-22,28.7,20.8,0.0,0,10.0,28.4,45
Casablanca,33.5992,-7.62,2026-09-23,29.3,19.6,0.0,0,12.6,32.8,45
Casablanca,33.5992,-7.62,2026-09-24,29.3,19.7,0.0,0,11.0,33.5,45
Tangier,35.7767,-5.8039,2026-09-18,28.0,18.3,0.0,0,21.3,49.3,2
Tangier,35.7767,-5.8039,2026-09-19,27.5,22.6,0.0,0,32.2,75.6,2
Tangier,35.7767,-5.8039,2026-09-20,28.5,23.9,0.0,0,31.3,74.9,1
Tangier,35.7767,-5.8039,2026-09-21,28.3,22.8,0.0,0,28.5,68.0,2
Tangier,35.7767,-5.8039,2026-09-22,28.2,21.4,0.0,0,24.1,58.0,2
Tangier,35.7767,-5.8039,2026-09-23,28.2,21.9,0.0,0,23.4,42.8,1
Tangier,35.7767,-5.8039,2026-09-24,30.1,20.8,0.0,0,21.7,41.0,0
Fès,34.0433,-5.0033,2026-09-18,31.7,17.4,0.0,0,10.0,27.4,3
Fès,34.0433,-5.0033,2026-09-19,34.1,21.0,0.0,5,20.1,49.3,2
Fès,34.0433,-5.0033,2026-09-20,35.1,22.3,0.0,0,13.6,36.7,1
Fès,34.0433,-5.0033,2026-09-21,34.1,22.1,0.0,0,12.8,33.1,2
Fès,34.0433,-5.0033,2026-09-22,33.5,20.9,0.0,0,9.8,26.6,2
Fès,34.0433,-5.0033,2026-09-23,35.0,20.3,0.0,0,7.3,22.3,0
Fès,34.0433,-5.0033,2026-09-24,35.8,21.5,0.0,0,10.0,24.5,0
Marrakech,31.6295,-7.9811,2026-09-18,32.0,17.9,0.0,0,7.4,22.3,2
Marrakech,31.6295,-7.9811,2026-09-19,36.1,20.8,0.1,25,9.2,28.1,2
Marrakech,31.6295,-7.9811,2026-09-20,37.6,22.7,0.2,38,10.4,31.0,3
Marrakech,31.6295,-7.9811,2026-09-21,37.3,22.4,0.0,2,12.7,36.7,2
Marrakech,31.6295,-7.9811,2026-09-22,36.6,20.8,0.0,3,15.8,39.6,0
Marrakech,31.6295,-7.9811,2026-09-23,36.3,19.1,0.0,3,10.9,22.7,0
Marrakech,31.6295,-7.9811,2026-09-24,35.7,20.7,0.0,3,10.6,23.4,1
Sale,34.05,-6.8167,2026-09-18,25.5,16.3,0.0,0,14.0,36.4,45
Sale,34.05,-6.8167,2026-09-19,30.5,17.3,0.0,0,14.1,36.4,1
Sale,34.05,-6.8167,2026-09-20,30.1,20.2,0.0,0,11.5,30.2,1
Sale,34.05,-6.8167,2026-09-21,30.6,20.4,0.0,0,12.8,32.8,1
Sale,34.05,-6.8167,2026-09-22,29.6,20.1,0.0,0,10.9,29.2,0
Sale,34.05,-6.8167,2026-09-23,28.1,19.2,0.0,0,12.9,28.1,1
Sale,34.05,-6.8167,2026-09-24,28.2,18.8,0.0,0,10.5,27.7,45
Meknès,33.8833,-5.55,2026-09-18,30.0,15.7,0.0,0,13.8,37.1,2
Meknès,33.8833,-5.55,2026-09-19,34.1,19.2,0.0,5,12.7,34.9,2
Meknès,33.8833,-5.55,2026-09-20,35.2,21.4,0.0,0,12.9,33.5,1
Meknès,33.8833,-5.55,2026-09-21,34.6,20.1,0.0,0,13.3,34.6,1
Meknès,33.8833,-5.55,2026-09-22,33.1,18.9,0.0,0,12.4,32.8,1
Meknès,33.8833,-5.55,2026-09-23,33.9,18.9,0.0,0,11.3,31.3,0
Meknès,33.8833,-5.55,2026-09-24,34.4,19.2,0.0,0,13.7,29.5,0
Rabat,34.0211,-6.8414,2026-09-18,25.6,16.4,0.0,0,14.0,36.4,45
Rabat,34.0211,-6.8414,2026-09-19,30.5,17.3,0.0,0,14.1,36.4,1
Rabat,34.0211,-6.8414,2026-09-20,30.1,20.3,0.0,0,11.5,30.2,1
Rabat,34.0211,-6.8414,2026-09-21,30.6,20.5,0.0,0,12.8,32.8,1
Rabat,34.0211,-6.8414,2026-09-22,29.7,20.2,0.0,0,10.9,29.2,0
Rabat,34.0211,-6.8414,2026-09-23,28.2,19.2,0.0,0,12.9,28.1,1
Rabat,34.0211,-6.8414,2026-09-24,28.3,18.9,0.0,0,10.5,27.7,45
Agadir,30.4214,-9.5831,2026-09-18,26.3,19.4,0.0,0,11.1,32.0,2
Agadir,30.4214,-9.5831,2026-09-19,26.2,20.3,0.0,0,13.3,38.2,2
Agadir,30.4214,-9.5831,2026-09-20,27.9,20.8,0.0,0,11.6,35.3,45
Agadir,30.4214,-9.5831,2026-09-21,33.4,21.6,0.0,0,8.6,28.8,3
Agadir,30.4214,-9.5831,2026-09-22,32.9,23.3,0.0,0,11.2,37.1,45
Agadir,30.4214,-9.5831,2026-09-23,35.6,20.1,0.0,0,13.2,28.4,45
Agadir,30.4214,-9.5831,2026-09-24,34.0,18.2,0.0,0,12.9,26.6,45
Kenitra,34.25,-6.5833,2026-09-18,27.4,15.6,0.0,0,15.0,37.8,45
Kenitra,34.25,-6.5833,2026-09-19,34.4,17.5,0.0,0,17.1,45.0,1
Kenitra,34.25,-6.5833,2026-09-20,34.3,20.3,0.0,0,13.7,36.0,1
Kenitra,34.25,-6.5833,2026-09-21,34.2,20.2,0.0,0,14.0,37.8,0
Kenitra,34.25,-6.5833,2026-09-22,31.9,19.0,0.0,0,12.3,31.7,0
Kenitra,34.25,-6.5833,2026-09-23,30.1,19.0,0.0,0,13.7,28.8,1
Kenitra,34.25,-6.5833,2026-09-24,28.8,18.2,0.0,0,10.6,28.8,1
Oujda-Angad,34.6867,-1.9114,2026-09-18,28.1,16.3,0.0,3,20.9,44.6,3
Oujda-Angad,34.6867,-1.9114,2026-09-19,29.1,19.1,0.8,58,17.8,40.0,80
Oujda-Angad,34.6867,-1.9114,2026-09-20,29.7,18.9,0.8,24,16.7,36.4,80
Oujda-Angad,34.6867,-1.9114,2026-09-21,26.4,18.4,0.0,5,17.8,38.5,45
Oujda-Angad,34.6867,-1.9114,2026-09-22,29.5,15.1,0.0,3,16.4,37.4,2
Oujda-Angad,34.6867,-1.9114,2026-09-23,30.8,17.8,0.0,0,17.9,36.0,1
Oujda-Angad,34.6867,-1.9114,2026-09-24,33.0,16.5,0.0,0,20.1,35.6,1
Tétouan,35.5667,-5.3667,2026-09-18,26.7,17.9,0.0,0,21.3,52.9,3
Tétouan,35.5667,-5.3667,2026-09-19,25.9,22.4,0.0,3,31.6,74.2,2
Tétouan,35.5667,-5.3667,2026-09-20,26.3,23.0,0.0,5,24.9,64.8,3
Tétouan,35.5667,-5.3667,2026-09-21,27.1,22.8,0.0,0,27.4,65.9,2
Tétouan,35.5667,-5.3667,2026-09-22,26.9,21.2,0.0,0,20.1,47.9,2
Tétouan,35.5667,-5.3667,2026-09-23,27.4,20.8,0.0,0,17.2,44.3,2
Tétouan,35.5667,-5.3667,2026-09-24,28.3,19.3,0.0,0,13.6,38.9,45
Safi,32.2833,-9.2333,2026-09-18,25.4,18.2,0.0,0,21.7,38.9,1
Safi,32.2833,-9.2333,2026-09-19,26.6,19.2,0.0,0,18.1,33.8,2
Safi,32.2833,-9.2333,2026-09-20,25.0,19.9,0.0,0,8.6,18.0,2
Safi,32.2833,-9.2333,2026-09-21,26.6,18.6,0.0,0,10.9,21.6,45
Safi,32.2833,-9.2333,2026-09-22,25.6,18.8,0.0,0,11.7,24.5,45
Safi,32.2833,-9.2333,2026-09-23,28.3,19.6,0.0,0,14.1,27.7,45
Safi,32.2833,-9.2333,2026-09-24,26.4,18.7,0.0,0,13.0,28.1,45
Taourirt,34.41,-2.89,2026-09-18,29.5,18.1,0.0,0,32.0,53.6,3
Taourirt,34.41,-2.89,2026-09-19,30.6,20.1,0.3,28,29.0,48.2,80
Taourirt,34.41,-2.89,2026-09-20,31.2,21.4,0.0,3,30.8,50.8,45
Taourirt,34.41,-2.89,2026-09-21,28.7,20.4,0.0,3,25.5,44.6,3
Taourirt,34.41,-2.89,2026-09-22,31.0,17.9,0.0,0,23.4,44.6,1
Taourirt,34.41,-2.89,2026-09-23,31.8,19.1,0.0,0,21.9,38.9,0
Taourirt,34.41,-2.89,2026-09-24,33.7,18.1,0.0,0,20.2,39.2,0
Temara,33.9234,-6.9076,2026-09-18,25.5,15.6,0.0,0,14.0,37.4,45
Temara,33.9234,-6.9076,2026-09-19,29.6,17.0,0.0,0,14.3,37.8,1
Temara,33.9234,-6.9076,2026-09-20,29.9,19.6,0.0,0,10.9,30.6,1
Temara,33.9234,-6.9076,2026-09-21,30.4,20.5,0.0,0,12.2,32.0,1
Temara,33.9234,-6.9076,2026-09-22,29.8,19.8,0.0,0,11.0,29.9,0
Temara,33.9234,-6.9076,2026-09-23,26.4,19.4,0.0,0,13.3,25.6,45
Temara,33.9234,-6.9076,2026-09-24,25.9,19.0,0.0,0,9.4,25.2,45
Laâyoune,27.15,-13.2,2026-09-18,28.0,19.8,0.1,0,29.3,56.9,51
Laâyoune,27.15,-13.2,2026-09-19,29.0,18.3,0.0,0,23.8,47.5,2
Laâyoune,27.15,-13.2,2026-09-20,32.2,18.6,0.0,0,18.9,38.9,3
Laâyoune,27.15,-13.2,2026-09-21,36.5,20.6,0.0,0,22.8,44.6,0
Laâyoune,27.15,-13.2,2026-09-22,35.6,21.4,0.0,2,26.8,51.8,1
Laâyoune,27.15,-13.2,2026-09-23,38.6,21.2,0.0,2,23.5,46.1,0
Laâyoune,27.15,-13.2,2026-09-24,39.6,23.3,0.0,4,26.0,54.7,3
El Jadid,33.2566,-8.5025,2026-09-18,23.9,19.3,0.0,0,18.3,33.1,2
El Jadid,33.2566,-8.5025,2026-09-19,25.4,20.6,0.0,0,15.2,28.1,2
El Jadid,33.2566,-8.5025,2026-09-20,27.2,20.3,0.0,0,12.0,22.7,2
El Jadid,33.2566,-8.5025,2026-09-21,26.7,21.3,0.0,0,13.4,24.5,45
El Jadid,33.2566,-8.5025,2026-09-22,26.4,20.8,0.0,0,11.8,22.0,45
El Jadid,33.2566,-8.5025,2026-09-23,27.1,19.9,0.0,0,13.7,29.2,45
El Jadid,33.2566,-8.5025,2026-09-24,27.4,19.9,0.0,0,11.8,29.2,45
Ait Melloul,30.3342,-9.4972,2026-09-18,26.0,19.3,0.0,0,17.6,35.3,3
Ait Melloul,30.3342,-9.4972,2026-09-19,26.0,20.1,0.0,0,20.3,40.3,2
Ait Melloul,30.3342,-9.4972,2026-09-20,26.6,20.0,0.0,0,18.4,36.4,45
Ait Melloul,30.3342,-9.4972,2026-09-21,33.1,21.2,0.0,0,14.6,31.0,3
Ait Melloul,30.3342,-9.4972,2026-09-22,32.0,21.1,0.0,0,17.7,36.4,0
Ait Melloul,30.3342,-9.4972,2026-09-23,35.8,20.3,0.0,0,13.2,28.4,1
Ait Melloul,30.3342,-9.4972,2026-09-24,34.3,18.4,0.0,0,12.9,26.6,45
Béni Mellal,32.3394,-6.3608,2026-09-18,31.4,18.6,0.0,0,9.0,28.8,3
Béni Mellal,32.3394,-6.3608,2026-09-19,35.4,22.7,0.0,13,14.1,31.3,3
Béni Mellal,32.3394,-6.3608,2026-09-20,35.7,24.4,0.2,5,18.7,43.9,3
Béni Mellal,32.3394,-6.3608,2026-09-21,35.3,24.2,0.0,2,18.7,40.0,3
Béni Mellal,32.3394,-6.3608,2026-09-22,34.2,24.0,0.0,0,17.6,37.8,3
Béni Mellal,32.3394,-6.3608,2026-09-23,36.0,23.3,0.0,0,16.5,33.8,0
Béni Mellal,32.3394,-6.3608,2026-09-24,36.3,25.3,0.0,0,13.2,33.8,0
Bouskoura,33.4489,-7.6486,2026-09-18,26.6,17.1,0.0,0,15.6,38.2,3
Bouskoura,33.4489,-7.6486,2026-09-19,30.0,18.6,0.0,0,15.0,37.4,45
Bouskoura,33.4489,-7.6486,2026-09-20,33.6,20.0,0.0,0,14.8,37.1,2
Bouskoura,33.4489,-7.6486,2026-09-21,33.0,21.2,0.0,0,14.7,37.8,1
Bouskoura,33.4489,-7.6486,2026-09-22,32.5,20.2,0.0,0,13.4,33.8,45
Bouskoura,33.4489,-7.6486,2026-09-23,28.5,18.5,0.0,0,12.6,32.8,45
Bouskoura,33.4489,-7.6486,2026-09-24,28.5,18.9,0.0,0,11.0,33.5,45
Tiznit,29.7,-9.7269,2026-09-18,24.9,18.8,0.0,0,19.9,33.8,2
Tiznit,29.7,-9.7269,2026-09-19,27.2,19.0,0.0,0,17.5,29.5,1
Tiznit,29.7,-9.7269,2026-09-20,29.0,20.1,0.0,0,11.0,20.5,3
Tiznit,29.7,-9.7269,2026-09-21,33.9,21.9,0.0,0,15.3,25.9,2
Tiznit,29.7,-9.7269,2026-09-22,32.8,23.4,0.0,0,16.7,29.2,0
Tiznit,29.7,-9.7269,2026-09-23,28.7,19.8,0.0,0,15.0,26.3,1
Tiznit,29.7,-9.7269,2026-09-24,27.4,17.8,0.0,0,14.4,23.0,45
Mohammedia,33.6833,-7.3833,2026-09-18,24.5,17.1,0.0,0,13.9,35.3,3
Mohammedia,33.6833,-7.3833,2026-09-19,26.9,17.7,0.0,0,12.6,31.0,45
Mohammedia,33.6833,-7.3833,2026-09-20,28.5,19.8,0.0,0,11.8,28.8,2
Mohammedia,33.6833,-7.3833,2026-09-21,27.8,20.5,0.0,0,11.8,29.9,1
Mohammedia,33.6833,-7.3833,2026-09-22,27.9,20.0,0.0,0,11.5,28.1,45
Mohammedia,33.6833,-7.3833,2026-09-23,30.5,19.4,0.0,0,16.9,31.0,45
Mohammedia,33.6833,-7.3833,2026-09-24,30.9,18.5,0.0,0,15.8,32.8,45
Kouribga,32.88,-6.9,2026-09-18,29.7,15.0,0.0,0,19.6,37.4,3
Kouribga,32.88,-6.9,2026-09-19,34.2,18.5,0.0,0,20.7,42.8,2
Kouribga,32.88,-6.9,2026-09-20,34.4,21.5,0.4,15,21.4,41.0,80
Kouribga,32.88,-6.9,2026-09-21,33.4,21.2,0.6,0,17.5,40.0,2
Kouribga,32.88,-6.9,2026-09-22,33.7,21.1,0.0,0,17.1,32.0,2
Kouribga,32.88,-6.9,2026-09-23,34.0,17.7,0.0,0,18.7,40.7,1
Kouribga,32.88,-6.9,2026-09-24,34.0,17.6,0.0,0,15.5,40.3,0
Settat,33.0023,-7.6198,2026-09-18,29.4,15.9,0.0,0,18.5,39.2,3
Settat,33.0023,-7.6198,2026-09-19,34.1,17.6,0.0,0,16.3,34.9,2
Settat,33.0023,-7.6198,2026-09-20,36.0,20.6,0.0,0,18.2,38.2,2
Settat,33.0023,-7.6198,2026-09-21,36.4,22.0,0.0,0,15.8,37.1,2
Settat,33.0023,-7.6198,2026-09-22,35.7,19.9,0.0,0,14.8,36.4,1
Settat,33.0023,-7.6198,2026-09-23,34.4,17.7,0.0,0,18.4,35.6,0
Settat,33.0023,-7.6198,2026-09-24,33.4,18.7,0.0,0,15.6,38.2,0
Barrechid,33.27,-7.5872,2026-09-18,29.0,15.8,0.0,0,19.1,34.9,3
Barrechid,33.27,-7.5872,2026-09-19,33.4,17.1,0.0,0,17.4,31.7,2
Barrechid,33.27,-7.5872,2026-09-20,36.2,18.9,0.0,0,19.9,36.0,2
Barrechid,33.27,-7.5872,2026-09-21,35.4,20.2,0.0,0,18.4,37.8,2
Barrechid,33.27,-7.5872,2026-09-22,35.3,19.2,0.0,0,17.3,32.8,1
Barrechid,33.27,-7.5872,2026-09-23,33.2,17.6,0.0,0,19.6,34.2,45
Barrechid,33.27,-7.5872,2026-09-24,32.4,18.7,0.0,0,17.0,37.8,45
Ad Dakhla,23.7167,-15.95,2026-09-18,21.3,20.5,0.0,0,35.9,44.6,0
Ad Dakhla,23.7167,-15.95,2026-09-19,21.2,19.9,0.0,0,29.2,36.4,0
Ad Dakhla,23.7167,-15.95,2026-09-20,21.6,19.5,0.0,0,28.2,34.9,0
Ad Dakhla,23.7167,-15.95,2026-09-21,21.6,20.3,0.0,14,29.6,37.1,0
Ad Dakhla,23.7167,-15.95,2026-09-22,22.0,20.4,0.0,18,31.3,40.0,0
Ad Dakhla,23.7167,-15.95,2026-09-23,22.1,20.2,0.0,4,29.0,38.2,0
Ad Dakhla,23.7167,-15.95,2026-09-24,23.0,20.5,0.0,8,22.9,35.6,3
Nador,35.1667,-2.9333,2026-09-18,25.2,21.8,1.6,3,16.0,36.0,80
Nador,35.1667,-2.9333,2026-09-19,25.2,22.8,5.9,5,20.9,50.4,80
Nador,35.1667,-2.9333,2026-09-20,25.7,23.1,7.5,15,24.3,51.5,95
Nador,35.1667,-2.9333,2026-09-21,26.0,23.2,0.0,3,15.5,37.1,3
Nador,35.1667,-2.9333,2026-09-22,25.9,21.7,0.0,0,13.5,30.2,2
Nador,35.1667,-2.9333,2026-09-23,27.1,19.7,0.0,0,15.5,27.7,45
Nador,35.1667,-2.9333,2026-09-24,27.9,16.2,0.0,0,13.2,26.6,45
Taza,34.2144,-4.0088,2026-09-18,29.2,17.4,0.0,0,18.8,39.2,2
Taza,34.2144,-4.0088,2026-09-19,29.3,19.3,0.0,3,23.8,50.0,3
Taza,34.2144,-4.0088,2026-09-20,30.2,20.8,0.0,0,19.4,41.8,3
Taza,34.2144,-4.0088,2026-09-21,28.8,20.6,0.0,0,19.8,41.4,3
Taza,34.2144,-4.0088,2026-09-22,29.7,17.6,0.0,0,17.6,37.4,1
Taza,34.2144,-4.0088,2026-09-23,32.2,18.0,0.0,0,17.0,31.3,2
Taza,34.2144,-4.0088,2026-09-24,33.7,17.9,0.0,0,18.3,33.1,0
Inezgane,30.3658,-9.5381,2026-09-18,24.7,19.0,0.0,0,12.4,34.9,2
Inezgane,30.3658,-9.5381,2026-09-19,24.7,19.8,0.0,0,15.1,40.7,45
Inezgane,30.3658,-9.5381,2026-09-20,25.6,19.6,0.0,0,13.7,39.2,45
Inezgane,30.3658,-9.5381,2026-09-21,30.4,20.3,0.0,0,10.5,28.8,3
Inezgane,30.3658,-9.5381,2026-09-22,30.2,20.9,0.0,0,11.7,35.6,45
Inezgane,30.3658,-9.5381,2026-09-23,35.9,20.2,0.0,0,13.2,28.4,45
Inezgane,30.3658,-9.5381,2026-09-24,34.3,18.5,0.0,0,12.9,26.6,45
Larache,35.1833,-6.15,2026-09-18,27.7,14.4,0.0,0,15.9,29.9,45
Larache,35.1833,-6.15,2026-09-19,35.1,18.6,0.0,0,21.1,37.8,1
Larache,35.1833,-6.15,2026-09-20,34.5,23.0,0.0,0,15.6,28.8,1
Larache,35.1833,-6.15,2026-09-21,33.0,22.5,0.0,0,15.0,27.7,1
Larache,35.1833,-6.15,2026-09-22,31.8,18.8,0.0,0,17.5,32.8,0
Larache,35.1833,-6.15,2026-09-23,31.9,18.1,0.0,0,16.8,26.6,1
Larache,35.1833,-6.15,2026-09-24,30.7,16.3,0.0,0,14.6,26.6,0
Al Khmissat,33.81,-6.06,2026-09-18,30.0,15.4,0.0,0,17.3,36.4,3
Al Khmissat,33.81,-6.06,2026-09-19,35.1,18.4,0.0,0,14.5,30.2,2
Al Khmissat,33.81,-6.06,2026-09-20,36.1,21.2,0.0,0,15.4,31.7,2
Al Khmissat,33.81,-6.06,2026-09-21,35.9,20.8,0.0,0,14.5,30.2,0
Al Khmissat,33.81,-6.06,2026-09-22,34.2,19.6,0.0,0,14.7,32.0,0
Al Khmissat,33.81,-6.06,2026-09-23,34.5,17.7,0.0,0,15.4,33.5,1
Al Khmissat,33.81,-6.06,2026-09-24,35.2,16.3,0.0,0,16.9,34.2,0
Guelmim,28.9833,-10.0667,2026-09-18,28.1,17.2,0.0,0,23.7,41.8,1
Guelmim,28.9833,-10.0667,2026-09-19,30.1,17.6,0.0,0,21.4,38.5,3
Guelmim,28.9833,-10.0667,2026-09-20,36.9,18.7,0.0,0,18.7,33.5,1
Guelmim,28.9833,-10.0667,2026-09-21,39.7,23.4,0.0,0,24.8,42.5,2
Guelmim,28.9833,-10.0667,2026-09-22,39.0,24.4,0.0,0,22.5,41.4,1
Guelmim,28.9833,-10.0667,2026-09-23,38.2,23.9,0.0,2,19.9,36.0,2
Guelmim,28.9833,-10.0667,2026-09-24,38.3,21.4,0.0,0,23.6,42.1,2
Ksar El Kebir,35.0,-5.9,2026-09-18,30.8,15.7,0.0,0,17.8,34.6,45
Ksar El Kebir,35.0,-5.9,2026-09-19,36.0,18.2,0.0,0,12.0,20.5,1
Ksar El Kebir,35.0,-5.9,2026-09-20,36.8,22.5,0.0,0,13.8,25.6,1
Ksar El Kebir,35.0,-5.9,2026-09-21,35.7,22.8,0.0,0,13.4,28.4,1
Ksar El Kebir,35.0,-5.9,2026-09-22,35.1,19.7,0.0,0,12.9,28.1,0
Ksar El Kebir,35.0,-5.9,2026-09-23,35.3,19.3,0.0,0,18.1,33.5,1
Ksar El Kebir,35.0,-5.9,2026-09-24,35.4,20.1,0.0,0,21.1,36.7,0
Khénifra,32.93,-5.66,2026-09-18,32.0,14.8,0.0,0,18.9,36.4,3
Khénifra,32.93,-5.66,2026-09-19,34.3,19.7,0.0,10,23.4,45.0,3
Khénifra,32.93,-5.66,2026-09-20,33.8,20.2,0.0,5,19.3,40.3,3
Khénifra,32.93,-5.66,2026-09-21,34.4,18.7,0.0,5,19.8,43.2,3
Khénifra,32.93,-5.66,2026-09-22,32.5,17.3,0.0,1,14.1,35.3,3
Khénifra,32.93,-5.66,2026-09-23,33.8,17.6,0.0,0,11.5,22.3,2
Khénifra,32.93,-5.66,2026-09-24,34.4,18.6,0.0,0,12.6,34.9,0
Skhirate,33.85,-7.03,2026-09-18,24.1,16.1,0.0,0,15.8,35.3,2
Skhirate,33.85,-7.03,2026-09-19,27.4,17.3,0.0,0,15.5,33.5,3
Skhirate,33.85,-7.03,2026-09-20,27.8,19.5,0.0,0,11.5,27.4,1
Skhirate,33.85,-7.03,2026-09-21,27.6,20.1,0.0,0,12.3,27.7,1
Skhirate,33.85,-7.03,2026-09-22,27.5,19.6,0.0,0,12.1,27.7,1
Skhirate,33.85,-7.03,2026-09-23,26.5,19.5,0.0,0,13.3,25.6,45
Skhirate,33.85,-7.03,2026-09-24,26.0,19.1,0.0,0,9.4,25.2,45
Beni Yakhlef,33.6555,-7.3221,2026-09-18,26.0,15.5,0.0,0,19.2,35.3,3
Beni Yakhlef,33.6555,-7.3221,2026-09-19,29.0,16.7,0.0,0,17.1,31.7,2
Beni Yakhlef,33.6555,-7.3221,2026-09-20,32.3,19.1,0.0,0,16.3,30.2,1
Beni Yakhlef,33.6555,-7.3221,2026-09-21,31.5,20.2,0.0,0,16.5,31.7,1
Beni Yakhlef,33.6555,-7.3221,2026-09-22,31.7,19.2,0.0,0,16.0,29.9,0
Beni Yakhlef,33.6555,-7.3221,2026-09-23,29.9,18.8,0.0,0,16.9,31.0,45
Beni Yakhlef,33.6555,-7.3221,2026-09-24,30.4,17.9,0.0,0,15.8,32.8,45
Sidi Yahya Zaer,33.7105,-6.8831,2026-09-18,27.6,14.9,0.0,0,18.9,38.5,3
Sidi Yahya Zaer,33.7105,-6.8831,2026-09-19,32.6,17.2,0.0,0,17.8,36.4,2
Sidi Yahya Zaer,33.7105,-6.8831,2026-09-20,34.0,20.2,0.0,0,17.7,36.0,1
Sidi Yahya Zaer,33.7105,-6.8831,2026-09-21,34.2,20.6,0.0,0,18.4,37.8,1
Sidi Yahya Zaer,33.7105,-6.8831,2026-09-22,33.2,20.1,0.0,0,17.6,35.3,1
Sidi Yahya Zaer,33.7105,-6.8831,2026-09-23,32.2,17.4,0.0,0,17.2,32.8,1
Sidi Yahya Zaer,33.7105,-6.8831,2026-09-24,31.2,17.1,0.0,0,14.7,31.7,0
Ben Guerir,32.23,-7.95,2026-09-18,30.2,16.2,0.0,0,14.8,29.9,3
Ben Guerir,32.23,-7.95,2026-09-19,34.8,20.0,0.0,0,15.0,30.6,2
Ben Guerir,32.23,-7.95,2026-09-20,36.0,23.6,0.0,5,16.9,33.8,2
Ben Guerir,32.23,-7.95,2026-09-21,37.0,23.3,0.0,0,20.3,40.0,3
Ben Guerir,32.23,-7.95,2026-09-22,35.9,21.1,0.0,0,13.5,28.4,0
Ben Guerir,32.23,-7.95,2026-09-23,35.8,19.8,0.0,0,20.0,35.6,0
Ben Guerir,32.23,-7.95,2026-09-24,34.6,19.1,0.0,0,16.9,39.6,3
Ait Ali,30.1739,-9.4881,2026-09-18,25.9,19.0,0.0,0,23.3,38.2,3
Ait Ali,30.1739,-9.4881,2026-09-19,26.5,19.7,0.0,0,21.2,35.3,2
Ait Ali,30.1739,-9.4881,2026-09-20,27.1,20.0,0.0,0,19.1,31.3,45
Ait Ali,30.1739,-9.4881,2026-09-21,34.8,21.5,0.0,0,18.6,33.1,3
Ait Ali,30.1739,-9.4881,2026-09-22,32.8,21.8,0.0,0,21.5,37.4,0
Ait Ali,30.1739,-9.4881,2026-09-23,31.1,20.9,0.0,0,18.8,32.0,0
Ait Ali,30.1739,-9.4881,2026-09-24,30.0,18.3,0.0,0,18.6,31.3,45
My Drarga,30.3805,-9.4763,2026-09-18,25.9,18.9,0.0,0,15.5,34.6,2
My Drarga,30.3805,-9.4763,2026-09-19,26.1,19.6,0.0,0,17.6,39.2,45
My Drarga,30.3805,-9.4763,2026-09-20,27.3,19.8,0.0,0,15.0,33.1,45
My Drarga,30.3805,-9.4763,2026-09-21,34.1,21.1,0.0,0,11.8,27.0,3
My Drarga,30.3805,-9.4763,2026-09-22,32.8,22.1,0.0,0,16.2,36.4,45
My Drarga,30.3805,-9.4763,2026-09-23,35.7,20.2,0.0,0,13.2,28.4,45
My Drarga,30.3805,-9.4763,2026-09-24,34.2,18.3,0.0,0,12.9,26.6,45
Lqoliaa,30.2942,-9.4544,2026-09-18,26.6,18.9,0.0,0,18.7,40.7,3
Lqoliaa,30.2942,-9.4544,2026-09-19,26.8,19.6,0.0,0,21.0,46.8,2
Lqoliaa,30.2942,-9.4544,2026-09-20,27.5,19.6,0.0,0,19.5,42.1,45
Lqoliaa,30.2942,-9.4544,2026-09-21,36.5,20.9,0.0,0,16.8,37.4,3
Lqoliaa,30.2942,-9.4544,2026-09-22,35.3,20.9,0.0,0,18.9,41.8,0
Lqoliaa,30.2942,-9.4544,2026-09-23,30.6,19.5,0.0,0,16.9,38.2,45
Lqoliaa,30.2942,-9.4544,2026-09-24,28.7,17.6,0.0,0,16.7,38.9,45
El Kelaa des Srarhna,32.05,-7.4,2026-09-18,31.4,17.7,0.0,0,13.3,23.4,3
El Kelaa des Srarhna,32.05,-7.4,2026-09-19,36.1,20.6,0.0,10,14.5,25.2,2
El Kelaa des Srarhna,32.05,-7.4,2026-09-20,37.3,23.1,0.2,20,20.2,35.3,3
El Kelaa des Srarhna,32.05,-7.4,2026-09-21,36.8,22.4,0.0,7,14.5,24.8,2
El Kelaa des Srarhna,32.05,-7.4,2026-09-22,36.3,22.3,0.0,3,15.8,27.0,2
El Kelaa des Srarhna,32.05,-7.4,2026-09-23,35.8,19.6,0.0,0,13.4,28.4,1
El Kelaa des Srarhna,32.05,-7.4,2026-09-24,35.4,17.9,0.0,0,15.0,31.0,0
Moulay Abdallah,33.1978,-8.5883,2026-09-18,25.0,19.4,0.0,0,20.2,32.4,2
Moulay Abdallah,33.1978,-8.5883,2026-09-19,26.9,20.5,0.0,0,17.7,27.0,2
Moulay Abdallah,33.1978,-8.5883,2026-09-20,27.8,20.3,0.0,0,12.5,20.5,45
Moulay Abdallah,33.1978,-8.5883,2026-09-21,27.8,20.9,0.0,0,13.7,23.0,45
Moulay Abdallah,33.1978,-8.5883,2026-09-22,26.7,20.7,0.0,0,12.5,19.1,45
Moulay Abdallah,33.1978,-8.5883,2026-09-23,27.4,19.5,0.0,0,14.0,28.8,45
Moulay Abdallah,33.1978,-8.5883,2026-09-24,26.7,19.6,0.0,0,10.9,28.8,45
Tiflet,33.9,-6.33,2026-09-18,29.5,15.5,0.0,0,17.5,36.0,3
Tiflet,33.9,-6.33,2026-09-19,34.9,18.5,0.0,0,16.3,35.6,2
Tiflet,33.9,-6.33,2026-09-20,36.0,21.4,0.0,0,17.4,36.0,1
Tiflet,33.9,-6.33,2026-09-21,36.0,21.0,0.0,0,15.7,34.9,0
Tiflet,33.9,-6.33,2026-09-22,34.1,19.7,0.0,0,14.3,30.2,0
Tiflet,33.9,-6.33,2026-09-23,34.8,21.0,0.0,0,15.6,36.4,1
Tiflet,33.9,-6.33,2026-09-24,34.2,18.8,0.0,0,15.5,34.9,0
Oulad Teïma,30.4,-9.21,2026-09-18,28.9,18.3,0.0,0,23.3,43.2,2
Oulad Teïma,30.4,-9.21,2026-09-19,29.4,19.2,0.0,0,25.3,50.0,2
Oulad Teïma,30.4,-9.21,2026-09-20,31.2,19.3,0.0,0,23.8,44.3,45
Oulad Teïma,30.4,-9.21,2026-09-21,39.7,21.0,0.0,0,19.5,37.1,3
Oulad Teïma,30.4,-9.21,2026-09-22,38.4,20.5,0.0,0,30.1,56.5,0
Oulad Teïma,30.4,-9.21,2026-09-23,35.6,19.9,0.0,0,27.1,47.9,1
Oulad Teïma,30.4,-9.21,2026-09-24,32.3,16.3,0.0,0,27.0,45.4,45
Berkane,34.9167,-2.3167,2026-09-18,26.3,18.4,0.0,3,17.9,37.8,45
Berkane,34.9167,-2.3167,2026-09-19,26.8,20.2,0.0,13,21.7,44.3,45
Berkane,34.9167,-2.3167,2026-09-20,27.1,21.1,0.0,14,17.9,39.2,45
Berkane,34.9167,-2.3167,2026-09-21,26.4,19.3,0.0,10,18.9,38.5,45
Berkane,34.9167,-2.3167,2026-09-22,27.1,17.5,0.0,0,15.1,34.9,1
Berkane,34.9167,-2.3167,2026-09-23,28.1,18.8,0.0,0,11.7,23.4,1
Berkane,34.9167,-2.3167,2026-09-24,29.6,17.6,0.0,0,10.8,22.0,1
Ain El Aouda,33.8111,-6.7922,2026-09-18,27.6,14.9,0.0,0,17.5,35.3,3
Ain El Aouda,33.8111,-6.7922,2026-09-19,33.0,16.1,0.0,0,17.7,35.3,1
Ain El Aouda,33.8111,-6.7922,2026-09-20,33.7,18.7,0.0,0,15.8,32.0,1
Ain El Aouda,33.8111,-6.7922,2026-09-21,34.1,19.6,0.0,0,17.6,34.9,1
Ain El Aouda,33.8111,-6.7922,2026-09-22,33.2,19.2,0.0,0,15.0,30.2,0
Ain El Aouda,33.8111,-6.7922,2026-09-23,33.3,17.3,0.0,0,17.4,32.4,1
Ain El Aouda,33.8111,-6.7922,2026-09-24,32.2,17.5,0.0,0,14.7,30.6,1
Errachidia,31.9319,-4.4244,2026-09-18,31.1,18.7,4.0,30,29.1,60.8,80
Errachidia,31.9319,-4.4244,2026-09-19,29.2,19.0,1.4,43,13.8,31.0,80
Errachidia,31.9319,-4.4244,2026-09-20,29.6,18.7,0.0,15,10.3,22.0,3
Errachidia,31.9319,-4.4244,2026-09-21,31.3,19.4,0.3,24,9.6,21.6,3
Errachidia,31.9319,-4.4244,2026-09-22,29.4,19.9,0.0,17,10.3,22.3,3
Errachidia,31.9319,-4.4244,2026-09-23,30.0,19.3,0.0,9,12.2,21.6,2
Errachidia,31.9319,-4.4244,2026-09-24,31.2,19.4,0.0,10,13.3,24.5,2
Al Fqih Ben Çalah,32.507,-6.6886,2026-09-18,34.0,16.4,0.0,0,14.0,26.3,3
Al Fqih Ben Çalah,32.507,-6.6886,2026-09-19,37.9,19.9,0.0,8,13.3,26.6,2
Al Fqih Ben Çalah,32.507,-6.6886,2026-09-20,38.3,22.2,0.6,8,19.1,36.0,80
Al Fqih Ben Çalah,32.507,-6.6886,2026-09-21,37.5,21.0,0.0,3,16.5,29.9,3
Al Fqih Ben Çalah,32.507,-6.6886,2026-09-22,36.7,21.0,0.0,0,14.2,28.4,2
Al Fqih Ben Çalah,32.507,-6.6886,2026-09-23,37.6,17.8,0.0,0,8.9,18.7,0
Al Fqih Ben Çalah,32.507,-6.6886,2026-09-24,37.5,15.9,0.0,0,7.3,24.1,1
Ad Darwa,33.4167,-7.5333,2026-09-18,27.1,16.7,0.0,0,17.0,33.8,3
Ad Darwa,33.4167,-7.5333,2026-09-19,30.6,18.1,0.0,0,16.5,32.0,45
Ad Darwa,33.4167,-7.5333,2026-09-20,34.5,19.8,0.0,0,16.1,32.0,2
Ad Darwa,33.4167,-7.5333,2026-09-21,33.6,21.0,0.0,0,16.1,32.8,1
Ad Darwa,33.4167,-7.5333,2026-09-22,33.2,19.8,0.0,0,14.7,29.2,45
Ad Darwa,33.4167,-7.5333,2026-09-23,33.1,17.8,0.0,0,18.9,35.3,45
Ad Darwa,33.4167,-7.5333,2026-09-24,32.8,18.6,0.0,0,17.2,38.5,45
Martil,35.61,-5.27,2026-09-18,25.0,19.1,0.0,3,19.4,42.1,80
Martil,35.61,-5.27,2026-09-19,24.8,22.2,1.6,23,27.0,62.3,3
Martil,35.61,-5.27,2026-09-20,24.8,22.8,4.1,48,23.9,53.3,80
Martil,35.61,-5.27,2026-09-21,25.7,22.2,0.0,5,22.5,52.2,2
Martil,35.61,-5.27,2026-09-22,25.1,21.6,0.0,0,17.3,39.6,2
Martil,35.61,-5.27,2026-09-23,25.0,20.8,0.0,0,14.2,24.5,3
Martil,35.61,-5.27,2026-09-24,25.3,19.9,0.0,0,12.1,21.6,45
Sidi Slimane,34.26,-5.93,2026-09-18,32.4,16.3,0.0,0,17.4,37.4,45
Sidi Slimane,34.26,-5.93,2026-09-19,37.3,19.4,0.0,0,18.6,40.0,1
Sidi Slimane,34.26,-5.93,2026-09-20,38.3,24.0,0.0,0,15.0,33.1,0
Sidi Slimane,34.26,-5.93,2026-09-21,37.6,23.0,0.0,0,15.0,30.2,0
Sidi Slimane,34.26,-5.93,2026-09-22,36.4,21.7,0.0,0,13.7,24.8,0
Sidi Slimane,34.26,-5.93,2026-09-23,37.0,18.5,0.0,0,14.8,36.0,1
Sidi Slimane,34.26,-5.93,2026-09-24,37.1,17.2,0.0,0,14.3,37.8,0
Oued Zem,32.8619,-6.5711,2026-09-18,31.1,15.3,0.0,0,18.2,37.8,3
Oued Zem,32.8619,-6.5711,2026-09-19,34.5,19.5,0.0,3,21.7,40.7,3
Oued Zem,32.8619,-6.5711,2026-09-20,34.3,22.7,0.2,5,18.8,41.8,3
Oued Zem,32.8619,-6.5711,2026-09-21,34.3,21.4,0.0,5,16.8,37.8,2
Oued Zem,32.8619,-6.5711,2026-09-22,33.8,20.9,0.0,1,14.0,31.7,3
Oued Zem,32.8619,-6.5711,2026-09-23,34.0,18.7,0.0,0,16.3,36.0,2
Oued Zem,32.8619,-6.5711,2026-09-24,34.1,18.6,0.0,3,13.4,37.1,0
Sefrou,33.83,-4.83,2026-09-18,28.1,16.4,0.0,0,16.6,36.4,3
Sefrou,33.83,-4.83,2026-09-19,31.4,19.3,0.2,23,17.7,40.7,3
Sefrou,33.83,-4.83,2026-09-20,31.7,20.2,0.0,0,17.3,38.9,1
Sefrou,33.83,-4.83,2026-09-21,30.6,20.3,0.0,0,16.0,37.8,3
Sefrou,33.83,-4.83,2026-09-22,30.0,19.2,0.0,0,15.8,34.2,3
Sefrou,33.83,-4.83,2026-09-23,31.8,18.4,0.0,0,11.7,25.9,1
Sefrou,33.83,-4.83,2026-09-24,32.6,16.9,0.0,0,14.8,28.4,0
Taroudannt,30.4711,-8.8778,2026-09-18,30.2,18.2,0.0,0,20.5,41.8,2
Taroudannt,30.4711,-8.8778,2026-09-19,31.5,19.3,0.0,0,23.8,49.0,3
Taroudannt,30.4711,-8.8778,2026-09-20,35.7,20.6,0.0,3,23.2,47.2,2
Taroudannt,30.4711,-8.8778,2026-09-21,40.3,22.3,0.0,0,25.5,55.8,3
Taroudannt,30.4711,-8.8778,2026-09-22,38.7,22.1,0.0,0,31.1,64.8,1
Taroudannt,30.4711,-8.8778,2026-09-23,38.5,20.2,0.0,0,26.3,49.0,0
Taroudannt,30.4711,-8.8778,2026-09-24,37.7,17.6,0.0,0,23.4,44.6,0
Essaouira,31.513,-9.7687,2026-09-18,23.6,18.7,0.0,0,29.0,54.4,0
Essaouira,31.513,-9.7687,2026-09-19,24.4,18.9,0.0,0,21.6,40.7,2
Essaouira,31.513,-9.7687,2026-09-20,24.9,19.3,0.0,0,11.4,22.7,45
Essaouira,31.513,-9.7687,2026-09-21,25.2,19.1,0.0,0,8.7,19.1,45
Essaouira,31.513,-9.7687,2026-09-22,23.3,17.8,0.0,0,10.7,23.0,45
Essaouira,31.513,-9.7687,2026-09-23,27.4,17.6,0.0,0,11.6,25.9,45
Essaouira,31.513,-9.7687,2026-09-24,27.2,17.8,0.0,0,10.5,24.5,45
Azrou,33.4344,-5.2213,2026-09-18,26.4,13.5,0.0,0,16.1,35.3,3
Azrou,33.4344,-5.2213,2026-09-19,28.7,18.3,0.4,35,17.4,39.2,3
Azrou,33.4344,-5.2213,2026-09-20,28.6,17.8,0.2,3,17.1,44.3,3
Azrou,33.4344,-5.2213,2026-09-21,28.1,16.6,0.0,0,18.7,41.4,3
Azrou,33.4344,-5.2213,2026-09-22,27.1,14.7,0.0,0,15.7,40.0,3
Azrou,33.4344,-5.2213,2026-09-23,28.0,17.5,0.0,0,12.0,36.4,1
Azrou,33.4344,-5.2213,2026-09-24,29.2,18.3,0.0,0,13.4,38.2,0
Guercif,34.23,-3.36,2026-09-18,30.3,18.3,0.0,0,28.6,53.3,3
Guercif,34.23,-3.36,2026-09-19,30.5,20.8,0.0,28,26.3,51.1,3
Guercif,34.23,-3.36,2026-09-20,31.7,21.5,0.0,3,30.8,59.4,3
Guercif,34.23,-3.36,2026-09-21,29.4,20.6,0.0,0,27.3,50.8,3
Guercif,34.23,-3.36,2026-09-22,31.3,17.7,0.0,0,23.8,45.0,1
Guercif,34.23,-3.36,2026-09-23,32.9,18.2,0.0,0,25.2,43.6,2
Guercif,34.23,-3.36,2026-09-24,34.6,18.2,0.0,0,22.9,41.4,0
Warzat,30.9167,-6.9167,2026-09-18,31.6,16.6,0.0,3,13.7,24.1,3
Warzat,30.9167,-6.9167,2026-09-19,31.4,19.6,0.0,18,26.6,49.0,3
Warzat,30.9167,-6.9167,2026-09-20,31.3,19.3,0.1,25,18.1,67.3,3
Warzat,30.9167,-6.9167,2026-09-21,31.1,19.5,1.3,5,16.2,37.4,80
Warzat,30.9167,-6.9167,2026-09-22,32.7,17.4,0.0,1,27.1,54.0,1
Warzat,30.9167,-6.9167,2026-09-23,32.3,15.7,0.0,3,6.3,27.0,2
Warzat,30.9167,-6.9167,2026-09-24,33.0,17.3,0.3,3,11.3,16.9,80
Fnidq,35.8414,-5.3587,2026-09-18,24.5,19.0,0.5,3,17.4,34.2,80
Fnidq,35.8414,-5.3587,2026-09-19,24.6,21.3,0.5,23,25.7,48.6,3
Fnidq,35.8414,-5.3587,2026-09-20,24.5,21.9,1.6,48,22.9,44.3,80
Fnidq,35.8414,-5.3587,2026-09-21,25.0,21.6,0.1,5,19.2,37.1,2
Fnidq,35.8414,-5.3587,2026-09-22,25.0,20.8,0.0,0,17.8,35.3,2
Fnidq,35.8414,-5.3587,2026-09-23,25.0,20.4,0.0,0,14.2,24.5,3
Fnidq,35.8414,-5.3587,2026-09-24,25.3,19.9,0.0,0,12.1,21.6,45
Tan-Tan,28.4333,-11.1,2026-09-18,25.7,19.7,0.0,0,26.9,49.3,2
Tan-Tan,28.4333,-11.1,2026-09-19,26.7,19.2,0.0,0,20.2,38.9,3
Tan-Tan,28.4333,-11.1,2026-09-20,32.1,18.0,0.0,0,18.6,36.7,3
Tan-Tan,28.4333,-11.1,2026-09-21,34.2,19.0,0.0,0,26.5,47.2,0
Tan-Tan,28.4333,-11.1,2026-09-22,34.3,18.9,0.0,0,17.5,40.3,2
Tan-Tan,28.4333,-11.1,2026-09-23,37.0,20.9,0.0,2,23.4,43.2,2
Tan-Tan,28.4333,-11.1,2026-09-24,37.2,21.4,0.0,0,18.8,45.4,2
Sidi Qacem,34.21,-5.7,2026-09-18,32.2,17.1,0.0,0,14.0,32.4,3
Sidi Qacem,34.21,-5.7,2026-09-19,36.7,21.3,0.0,0,18.7,40.0,1
Sidi Qacem,34.21,-5.7,2026-09-20,37.7,25.4,0.0,0,15.6,33.1,1
Sidi Qacem,34.21,-5.7,2026-09-21,36.9,23.9,0.0,0,11.5,26.3,0
Sidi Qacem,34.21,-5.7,2026-09-22,35.9,22.7,0.0,0,8.3,19.1,0
Sidi Qacem,34.21,-5.7,2026-09-23,36.5,20.2,0.0,0,10.0,28.1,1
Sidi Qacem,34.21,-5.7,2026-09-24,36.9,20.2,0.0,0,13.5,40.7,0
M’diq,35.68,-5.32,2026-09-18,24.8,19.0,0.0,0,19.4,42.1,80
M’diq,35.68,-5.32,2026-09-19,24.7,22.0,1.6,3,27.0,62.3,3
M’diq,35.68,-5.32,2026-09-20,24.6,22.6,4.1,5,23.9,53.3,80
M’diq,35.68,-5.32,2026-09-21,25.6,22.0,0.0,0,22.5,52.2,2
M’diq,35.68,-5.32,2026-09-22,25.0,21.5,0.0,0,17.3,39.6,2
M’diq,35.68,-5.32,2026-09-23,27.7,21.1,0.0,0,17.2,44.3,2
M’diq,35.68,-5.32,2026-09-24,28.6,19.6,0.0,0,13.6,38.9,45
Youssoufia,32.25,-8.53,2026-09-18,30.0,16.5,0.0,0,17.1,36.0,1
Youssoufia,32.25,-8.53,2026-09-19,34.0,17.3,0.0,0,15.9,33.5,2
Youssoufia,32.25,-8.53,2026-09-20,35.1,21.4,0.0,0,17.9,37.8,2
Youssoufia,32.25,-8.53,2026-09-21,37.3,22.1,0.0,0,16.6,38.9,2
Youssoufia,32.25,-8.53,2026-09-22,36.4,19.8,0.0,0,16.6,41.0,0
Youssoufia,32.25,-8.53,2026-09-23,34.8,18.2,0.0,0,18.4,40.3,45
Youssoufia,32.25,-8.53,2026-09-24,33.0,19.0,0.0,0,15.2,37.1,45
Midalt,32.68,-4.74,2026-09-18,27.6,12.9,0.0,8,25.3,43.6,3
Midalt,32.68,-4.74,2026-09-19,27.0,13.6,1.8,48,25.5,46.8,80
Midalt,32.68,-4.74,2026-09-20,28.4,14.9,0.1,20,19.5,53.6,3
Midalt,32.68,-4.74,2026-09-21,28.6,14.3,0.0,3,21.4,39.6,3
Midalt,32.68,-4.74,2026-09-22,27.0,14.1,0.0,3,19.6,39.6,3
Midalt,32.68,-4.74,2026-09-23,28.0,13.3,0.0,0,13.4,19.4,3
Midalt,32.68,-4.74,2026-09-24,29.6,13.3,0.0,0,8.4,16.6,2
Aïn Harrouda,33.6372,-7.4483,2026-09-18,25.3,17.1,0.0,0,14.0,37.1,3
Aïn Harrouda,33.6372,-7.4483,2026-09-19,27.7,17.9,0.0,0,12.1,32.8,45
Aïn Harrouda,33.6372,-7.4483,2026-09-20,30.6,19.9,0.0,0,11.6,32.0,2
Aïn Harrouda,33.6372,-7.4483,2026-09-21,29.8,20.7,0.0,0,11.3,33.1,2
Aïn Harrouda,33.6372,-7.4483,2026-09-22,29.8,20.2,0.0,0,11.3,30.6,45
Aïn Harrouda,33.6372,-7.4483,2026-09-23,28.0,19.4,0.0,0,13.4,30.6,45
Aïn Harrouda,33.6372,-7.4483,2026-09-24,29.0,18.8,0.0,0,11.8,31.3,45
Souq Sebt Oulad Nemma,32.3,-6.7,2026-09-18,33.9,17.7,0.0,0,12.0,20.9,3
Souq Sebt Oulad Nemma,32.3,-6.7,2026-09-19,38.0,20.6,0.0,8,13.9,24.8,2
Souq Sebt Oulad Nemma,32.3,-6.7,2026-09-20,38.4,22.8,0.5,8,19.0,36.0,80
Souq Sebt Oulad Nemma,32.3,-6.7,2026-09-21,37.5,22.0,0.0,3,11.9,31.3,3
Souq Sebt Oulad Nemma,32.3,-6.7,2026-09-22,37.0,23.1,0.0,0,14.9,26.3,2
Souq Sebt Oulad Nemma,32.3,-6.7,2026-09-23,37.9,19.4,0.0,0,10.9,23.0,0
Souq Sebt Oulad Nemma,32.3,-6.7,2026-09-24,37.7,17.2,0.0,0,6.9,19.4,1
Mehdya,34.2557,-6.6745,2026-09-18,26.3,15.6,0.0,0,16.0,35.6,45
Mehdya,34.2557,-6.6745,2026-09-19,34.2,17.8,0.0,0,18.4,41.4,1
Mehdya,34.2557,-6.6745,2026-09-20,33.3,20.8,0.0,0,13.0,30.2,1
Mehdya,34.2557,-6.6745,2026-09-21,34.3,20.6,0.0,0,14.2,32.4,0
Mehdya,34.2557,-6.6745,2026-09-22,29.9,19.1,0.0,0,12.1,28.1,1
Mehdya,34.2557,-6.6745,2026-09-23,30.1,19.1,0.0,0,13.7,28.8,1
Mehdya,34.2557,-6.6745,2026-09-24,28.8,18.2,0.0,0,10.6,28.8,1
Ouezzane,34.8,-5.6,2026-09-18,30.8,14.1,0.0,0,15.1,29.5,3
Ouezzane,34.8,-5.6,2026-09-19,35.4,17.5,0.0,0,18.6,38.9,1
Ouezzane,34.8,-5.6,2026-09-20,36.2,20.8,0.0,0,13.8,28.4,2
Ouezzane,34.8,-5.6,2026-09-21,35.3,20.6,0.0,0,13.0,23.4,0
Ouezzane,34.8,-5.6,2026-09-22,34.6,18.0,0.0,0,9.2,19.1,0
Ouezzane,34.8,-5.6,2026-09-23,36.1,18.8,0.0,0,15.3,28.1,1
Ouezzane,34.8,-5.6,2026-09-24,36.6,18.2,0.0,0,15.3,32.4,0
Semara,26.7394,-11.6703,2026-09-18,30.7,19.8,0.0,0,25.1,43.9,3
Semara,26.7394,-11.6703,2026-09-19,32.0,18.4,0.0,0,20.5,33.1,3
Semara,26.7394,-11.6703,2026-09-20,37.4,18.8,0.0,0,19.6,33.1,1
Semara,26.7394,-11.6703,2026-09-21,41.3,23.9,0.0,10,23.0,40.3,1
Semara,26.7394,-11.6703,2026-09-22,41.7,24.6,0.0,4,28.8,50.8,2
Semara,26.7394,-11.6703,2026-09-23,41.6,26.8,0.0,8,26.3,47.9,1
Semara,26.7394,-11.6703,2026-09-24,40.9,26.6,0.0,2,19.7,44.6,3
Ait Ourir,31.5644,-7.6628,2026-09-18,30.1,16.6,0.0,0,9.6,19.8,3
Ait Ourir,31.5644,-7.6628,2026-09-19,35.0,19.6,0.6,30,11.2,22.0,80
Ait Ourir,31.5644,-7.6628,2026-09-20,35.6,22.1,0.3,38,12.9,25.6,80
Ait Ourir,31.5644,-7.6628,2026-09-21,35.4,22.3,0.0,6,16.1,31.3,2
Ait Ourir,31.5644,-7.6628,2026-09-22,34.9,22.6,0.0,3,17.3,32.0,1
Ait Ourir,31.5644,-7.6628,2026-09-23,35.0,18.8,0.0,0,9.9,23.8,0
Ait Ourir,31.5644,-7.6628,2026-09-24,34.5,18.4,0.0,3,8.3,24.8,1
Oulad Tayeb,33.9598,-4.9954,2026-09-18,31.1,17.3,0.0,0,13.7,26.6,3
Oulad Tayeb,33.9598,-4.9954,2026-09-19,33.5,19.6,0.0,5,22.2,41.4,2
Oulad Tayeb,33.9598,-4.9954,2026-09-20,34.9,20.9,0.0,0,15.2,29.5,1
Oulad Tayeb,33.9598,-4.9954,2026-09-21,34.0,20.7,0.0,0,15.9,31.0,3
Oulad Tayeb,33.9598,-4.9954,2026-09-22,33.3,19.6,0.0,0,11.4,22.7,3
Oulad Tayeb,33.9598,-4.9954,2026-09-23,34.2,19.6,0.0,0,7.3,22.3,0
Oulad Tayeb,33.9598,-4.9954,2026-09-24,35.1,20.8,0.0,0,10.0,24.5,0
Tit Mellil,33.5533,-7.4822,2026-09-18,25.1,17.4,0.0,0,14.6,37.8,3
Tit Mellil,33.5533,-7.4822,2026-09-19,27.7,18.0,0.0,0,12.8,34.9,45
Tit Mellil,33.5533,-7.4822,2026-09-20,31.4,19.8,0.0,0,12.6,33.8,2
Tit Mellil,33.5533,-7.4822,2026-09-21,30.6,20.7,0.0,0,12.0,35.3,1
Tit Mellil,33.5533,-7.4822,2026-09-22,30.4,20.1,0.0,0,11.7,32.0,45
Tit Mellil,33.5533,-7.4822,2026-09-23,28.7,18.8,0.0,0,12.6,32.8,45
Tit Mellil,33.5533,-7.4822,2026-09-24,28.7,19.0,0.0,0,11.0,33.5,45
Sidi Bennour,32.655,-8.4292,2026-09-18,29.4,16.1,0.0,0,20.8,36.4,45
Sidi Bennour,32.655,-8.4292,2026-09-19,33.7,17.2,0.0,0,19.4,33.8,3
Sidi Bennour,32.655,-8.4292,2026-09-20,34.9,18.9,0.0,0,18.2,31.7,2
Sidi Bennour,32.655,-8.4292,2026-09-21,36.2,19.8,0.0,0,16.7,31.0,2
Sidi Bennour,32.655,-8.4292,2026-09-22,36.2,17.8,0.0,0,16.4,31.3,45
Sidi Bennour,32.655,-8.4292,2026-09-23,34.3,18.3,0.0,0,17.3,34.9,45
Sidi Bennour,32.655,-8.4292,2026-09-24,32.4,16.9,0.0,0,15.8,37.4,45
Temsia,30.3633,-9.4144,2026-09-18,26.9,19.0,0.0,0,19.2,41.8,3
Temsia,30.3633,-9.4144,2026-09-19,27.1,19.7,0.0,0,22.1,47.9,2
Temsia,30.3633,-9.4144,2026-09-20,28.3,19.6,0.0,0,18.1,40.3,45
Temsia,30.3633,-9.4144,2026-09-21,37.3,21.4,0.0,0,15.6,33.8,3
Temsia,30.3633,-9.4144,2026-09-22,36.3,21.5,0.0,0,21.4,47.5,0
Temsia,30.3633,-9.4144,2026-09-23,36.1,20.4,0.0,0,27.1,47.9,1
Temsia,30.3633,-9.4144,2026-09-24,32.8,16.8,0.0,0,27.0,45.4,45
Biougra,30.2144,-9.3708,2026-09-18,27.3,19.1,0.0,0,25.5,42.1,2
Biougra,30.2144,-9.3708,2026-09-19,27.8,19.5,0.0,0,22.8,38.2,2
Biougra,30.2144,-9.3708,2026-09-20,28.9,19.9,0.0,0,18.7,31.3,2
Biougra,30.2144,-9.3708,2026-09-21,37.3,21.9,0.0,0,19.6,32.4,3
Biougra,30.2144,-9.3708,2026-09-22,37.5,22.6,0.0,0,20.6,40.0,0
Biougra,30.2144,-9.3708,2026-09-23,32.6,19.6,0.0,0,23.2,39.6,1
Biougra,30.2144,-9.3708,2026-09-24,30.3,16.8,0.0,0,23.1,38.9,45
Al Hoceïma,35.2472,-3.9322,2026-09-18,26.9,18.9,0.0,0,21.9,38.9,3
Al Hoceïma,35.2472,-3.9322,2026-09-19,27.7,20.4,0.0,0,27.8,52.2,3
Al Hoceïma,35.2472,-3.9322,2026-09-20,28.0,23.5,0.0,13,25.5,46.4,3
Al Hoceïma,35.2472,-3.9322,2026-09-21,28.1,21.4,0.0,0,23.1,42.8,2
Al Hoceïma,35.2472,-3.9322,2026-09-22,28.1,17.8,0.0,0,15.3,31.7,1
Al Hoceïma,35.2472,-3.9322,2026-09-23,26.8,19.7,0.0,0,9.5,18.0,2
Al Hoceïma,35.2472,-3.9322,2026-09-24,27.1,18.1,0.0,0,8.1,16.6,1
Qasbat Tadla,32.6,-6.26,2026-09-18,33.9,17.0,0.0,0,17.0,32.0,3
Qasbat Tadla,32.6,-6.26,2026-09-19,37.1,20.6,0.0,5,13.3,28.1,2
Qasbat Tadla,32.6,-6.26,2026-09-20,37.9,22.1,0.0,3,16.6,36.4,3
Qasbat Tadla,32.6,-6.26,2026-09-21,36.5,20.9,0.3,5,13.8,29.2,2
Qasbat Tadla,32.6,-6.26,2026-09-22,36.1,20.8,0.0,1,12.8,24.8,3
Qasbat Tadla,32.6,-6.26,2026-09-23,36.9,17.2,0.0,0,6.9,15.1,1
Qasbat Tadla,32.6,-6.26,2026-09-24,37.3,14.5,0.0,0,7.4,22.3,0
Aziylal,31.96,-6.56,2026-09-18,26.7,16.0,0.0,3,16.0,33.8,3
Aziylal,31.96,-6.56,2026-09-19,28.6,18.9,0.1,35,17.8,39.2,3
Aziylal,31.96,-6.56,2026-09-20,28.9,19.7,0.4,33,18.3,40.3,3
Aziylal,31.96,-6.56,2026-09-21,28.2,18.9,0.3,8,18.7,36.7,2
Aziylal,31.96,-6.56,2026-09-22,28.1,18.0,0.0,1,20.1,43.2,2
Aziylal,31.96,-6.56,2026-09-23,29.1,16.9,0.0,3,16.5,36.0,1
Aziylal,31.96,-6.56,2026-09-24,29.5,17.1,0.0,3,16.0,37.1,0
Boujad,32.7741,-6.3925,2026-09-18,32.3,16.3,0.0,0,19.2,36.7,3
Boujad,32.7741,-6.3925,2026-09-19,35.4,21.3,0.0,0,24.9,43.2,3
Boujad,32.7741,-6.3925,2026-09-20,35.7,21.7,0.0,3,21.3,38.5,3
Boujad,32.7741,-6.3925,2026-09-21,34.6,20.7,0.0,3,15.5,28.1,3
Boujad,32.7741,-6.3925,2026-09-22,34.2,20.7,0.0,0,14.3,28.4,3
Boujad,32.7741,-6.3925,2026-09-23,34.6,19.3,0.0,0,13.7,36.4,1
Boujad,32.7741,-6.3925,2026-09-24,34.9,19.1,0.0,3,11.3,37.8,0
Al Aaroui,35.0104,-3.0073,2026-09-18,26.6,18.4,0.0,0,25.5,45.0,3
Al Aaroui,35.0104,-3.0073,2026-09-19,25.9,21.0,0.0,5,29.3,52.9,45
Al Aaroui,35.0104,-3.0073,2026-09-20,26.8,21.7,0.2,10,29.6,52.2,3
Al Aaroui,35.0104,-3.0073,2026-09-21,26.8,20.6,0.0,3,24.0,45.7,45
Al Aaroui,35.0104,-3.0073,2026-09-22,27.0,18.3,0.0,0,22.7,40.0,45
Al Aaroui,35.0104,-3.0073,2026-09-23,30.4,18.0,0.0,0,14.1,31.7,45
Al Aaroui,35.0104,-3.0073,2026-09-24,32.0,14.3,0.0,0,13.2,31.0,1
Mrirt,33.1654,-5.5634,2026-09-18,30.3,14.5,0.0,0,20.0,40.3,3
Mrirt,33.1654,-5.5634,2026-09-19,33.0,17.2,0.1,20,17.6,37.8,2
Mrirt,33.1654,-5.5634,2026-09-20,31.9,18.9,0.0,5,24.0,54.0,3
Mrirt,33.1654,-5.5634,2026-09-21,32.1,17.5,0.0,3,23.2,48.2,2
Mrirt,33.1654,-5.5634,2026-09-22,31.5,16.4,0.0,0,15.9,38.5,3
Mrirt,33.1654,-5.5634,2026-09-23,31.8,15.9,0.0,0,16.6,36.4,0
Mrirt,33.1654,-5.5634,2026-09-24,33.1,14.6,0.0,0,16.9,38.2,0
Tineghir,31.5147,-5.5328,2026-09-18,30.3,18.1,0.0,43,23.3,37.4,3
Tineghir,31.5147,-5.5328,2026-09-19,27.7,18.1,0.7,45,16.5,29.2,61
Tineghir,31.5147,-5.5328,2026-09-20,28.0,17.3,2.8,47,11.9,28.1,95
Tineghir,31.5147,-5.5328,2026-09-21,28.6,18.2,0.6,30,23.2,34.9,2
Tineghir,31.5147,-5.5328,2026-09-22,28.5,17.8,0.3,10,8.2,23.0,3
Tineghir,31.5147,-5.5328,2026-09-23,29.2,17.0,0.0,12,16.6,33.1,1
Tineghir,31.5147,-5.5328,2026-09-24,31.3,17.4,0.0,14,10.5,22.0,3
Bouknadel,34.1766,-6.6893,2026-09-18,25.1,16.6,0.0,0,17.7,30.6,45
Bouknadel,34.1766,-6.6893,2026-09-19,31.2,18.4,0.0,0,22.0,37.1,1
Bouknadel,34.1766,-6.6893,2026-09-20,29.1,20.5,0.0,0,13.4,23.8,1
Bouknadel,34.1766,-6.6893,2026-09-21,31.1,20.4,0.0,0,14.3,25.2,1
Bouknadel,34.1766,-6.6893,2026-09-22,27.8,19.7,0.0,0,12.6,22.3,0
Bouknadel,34.1766,-6.6893,2026-09-23,30.0,19.1,0.0,0,13.7,28.8,1
Bouknadel,34.1766,-6.6893,2026-09-24,28.8,18.2,0.0,0,10.6,28.8,1
Cabo Bojador,26.1269,-14.4992,2026-09-18,24.9,20.1,0.0,0,24.3,46.4,3
Cabo Bojador,26.1269,-14.4992,2026-09-19,24.9,18.5,0.0,0,23.7,45.0,3
Cabo Bojador,26.1269,-14.4992,2026-09-20,27.1,18.9,0.0,0,25.8,47.5,1
Cabo Bojador,26.1269,-14.4992,2026-09-21,25.8,20.0,0.0,3,25.9,47.2,1
Cabo Bojador,26.1269,-14.4992,2026-09-22,27.7,20.6,0.0,4,28.8,48.2,1
Cabo Bojador,26.1269,-14.4992,2026-09-23,27.0,20.5,0.0,0,28.6,51.1,0
Cabo Bojador,26.1269,-14.4992,2026-09-24,33.7,22.0,0.0,8,27.2,47.5,3
Zagora,30.3316,-5.8376,2026-09-18,34.9,25.0,0.2,10,19.5,33.5,3
Zagora,30.3316,-5.8376,2026-09-19,34.1,24.9,0.0,5,25.4,44.3,3
Zagora,30.3316,-5.8376,2026-09-20,34.0,24.4,0.3,8,16.7,29.2,3
Zagora,30.3316,-5.8376,2026-09-21,33.7,24.8,1.7,25,9.2,18.0,80
Zagora,30.3316,-5.8376,2026-09-22,33.2,23.7,0.3,8,15.3,26.3,3
Zagora,30.3316,-5.8376,2026-09-23,33.1,22.9,0.0,4,13.7,21.6,2
Zagora,30.3316,-5.8376,2026-09-24,34.9,23.7,0.0,5,14.4,24.1,3
Azemmour,33.2833,-8.3333,2026-09-18,25.0,17.8,0.0,0,17.9,32.8,2
Azemmour,33.2833,-8.3333,2026-09-19,26.9,19.6,0.0,0,16.3,29.9,2
Azemmour,33.2833,-8.3333,2026-09-20,28.4,19.3,0.0,0,12.4,23.0,45
Azemmour,33.2833,-8.3333,2026-09-21,28.9,20.9,0.0,0,13.8,26.3,45
Azemmour,33.2833,-8.3333,2026-09-22,27.3,20.5,0.0,0,11.8,22.3,45
Azemmour,33.2833,-8.3333,2026-09-23,27.1,19.9,0.0,0,13.7,29.2,45
Azemmour,33.2833,-8.3333,2026-09-24,27.5,19.9,0.0,0,11.8,29.2,45
El Hajeb,33.6928,-5.3711,2026-09-18,27.7,14.9,0.0,0,16.7,35.6,3
El Hajeb,33.6928,-5.3711,2026-09-19,31.4,17.3,0.2,15,18.8,40.3,80
El Hajeb,33.6928,-5.3711,2026-09-20,31.9,20.6,0.0,0,19.1,40.7,2
El Hajeb,33.6928,-5.3711,2026-09-21,31.6,20.2,0.0,0,20.5,43.2,3
El Hajeb,33.6928,-5.3711,2026-09-22,30.6,19.0,0.0,0,19.4,41.0,3
El Hajeb,33.6928,-5.3711,2026-09-23,31.1,19.3,0.0,0,14.5,32.0,0
El Hajeb,33.6928,-5.3711,2026-09-24,31.9,18.8,0.0,0,16.6,32.4,0
Jerada,34.31,-2.16,2026-09-18,27.5,15.3,0.0,3,24.2,52.6,3
Jerada,34.31,-2.16,2026-09-19,27.6,16.7,2.7,70,29.5,65.2,95
Jerada,34.31,-2.16,2026-09-20,27.6,16.3,0.0,13,24.2,53.3,3
Jerada,34.31,-2.16,2026-09-21,25.4,17.1,0.0,5,17.9,42.5,45
Jerada,34.31,-2.16,2026-09-22,27.6,15.9,0.0,3,19.9,39.2,3
Jerada,34.31,-2.16,2026-09-23,29.1,17.2,0.0,3,20.2,37.4,1
Jerada,34.31,-2.16,2026-09-24,30.4,15.7,0.0,3,22.2,38.9,2
El Aïoun,34.5726,-2.5127,2026-09-18,29.1,15.7,0.0,0,21.7,37.8,45
El Aïoun,34.5726,-2.5127,2026-09-19,29.8,19.2,0.2,33,18.6,33.8,3
El Aïoun,34.5726,-2.5127,2026-09-20,30.9,18.8,0.0,5,21.3,36.7,45
El Aïoun,34.5726,-2.5127,2026-09-21,27.4,19.2,0.0,3,18.2,31.7,3
El Aïoun,34.5726,-2.5127,2026-09-22,30.3,15.5,0.0,0,16.5,34.2,45
El Aïoun,34.5726,-2.5127,2026-09-23,30.8,17.5,0.0,0,15.9,26.6,1
El Aïoun,34.5726,-2.5127,2026-09-24,32.6,15.2,0.0,0,15.8,27.4,0
Tameslouht,31.5,-8.1,2026-09-18,31.0,17.4,0.0,0,10.2,18.4,2
Tameslouht,31.5,-8.1,2026-09-19,34.6,20.3,0.0,10,15.5,25.2,2
Tameslouht,31.5,-8.1,2026-09-20,36.7,22.4,0.6,45,19.4,32.0,80
Tameslouht,31.5,-8.1,2026-09-21,36.6,23.0,0.0,1,21.0,34.9,2
Tameslouht,31.5,-8.1,2026-09-22,36.0,22.1,0.0,0,22.5,36.0,0
Tameslouht,31.5,-8.1,2026-09-23,35.2,19.6,0.0,0,14.2,27.4,0
Tameslouht,31.5,-8.1,2026-09-24,34.6,20.6,0.0,3,17.3,28.8,1
Sidi Yahia El Gharb,34.3058,-6.3058,2026-09-18,29.5,15.4,0.0,0,19.0,34.6,45
Sidi Yahia El Gharb,34.3058,-6.3058,2026-09-19,36.1,17.7,0.0,0,18.8,34.2,1
Sidi Yahia El Gharb,34.3058,-6.3058,2026-09-20,37.3,22.0,0.0,0,19.9,35.3,1
Sidi Yahia El Gharb,34.3058,-6.3058,2026-09-21,37.1,21.2,0.0,0,13.7,31.0,0
Sidi Yahia El Gharb,34.3058,-6.3058,2026-09-22,34.1,19.5,0.0,0,19.4,34.2,0
Sidi Yahia El Gharb,34.3058,-6.3058,2026-09-23,36.7,18.3,0.0,0,15.2,33.1,1
Sidi Yahia El Gharb,34.3058,-6.3058,2026-09-24,34.3,17.9,0.0,0,16.9,34.2,0
Chichaoua,31.5333,-8.7667,2026-09-18,31.0,17.4,0.0,0,15.9,25.6,2
Chichaoua,31.5333,-8.7667,2026-09-19,34.9,19.9,0.0,0,20.2,33.1,2
Chichaoua,31.5333,-8.7667,2026-09-20,35.6,22.0,0.0,0,25.5,41.4,2
Chichaoua,31.5333,-8.7667,2026-09-21,37.6,22.2,0.0,0,25.2,43.6,2
Chichaoua,31.5333,-8.7667,2026-09-22,37.1,19.6,0.0,0,22.8,41.4,0
Chichaoua,31.5333,-8.7667,2026-09-23,34.7,18.6,0.0,0,18.7,32.4,0
Chichaoua,31.5333,-8.7667,2026-09-24,34.0,20.2,0.0,0,18.6,33.5,0
Al ’Attawia,31.83,-7.31,2026-09-18,30.1,16.6,0.0,0,12.0,22.3,3
Al ’Attawia,31.83,-7.31,2026-09-19,34.9,19.7,0.0,10,16.6,36.4,2
Al ’Attawia,31.83,-7.31,2026-09-20,35.8,22.3,0.1,18,16.3,35.3,3
Al ’Attawia,31.83,-7.31,2026-09-21,35.2,21.4,0.3,8,15.6,28.8,3
Al ’Attawia,31.83,-7.31,2026-09-22,35.0,21.5,0.0,0,16.9,31.0,2
Al ’Attawia,31.83,-7.31,2026-09-23,34.9,17.8,0.0,0,16.0,29.2,0
Al ’Attawia,31.83,-7.31,2026-09-24,34.6,15.7,0.0,0,18.1,32.8,1
Tabount,30.9014,-6.9217,2026-09-18,31.7,17.4,0.0,3,9.9,19.8,3
Tabount,30.9014,-6.9217,2026-09-19,31.5,20.0,0.0,18,27.9,45.0,3
Tabount,30.9014,-6.9217,2026-09-20,31.2,19.4,0.2,25,16.0,53.3,3
Tabount,30.9014,-6.9217,2026-09-21,31.8,20.0,1.2,5,19.5,34.2,3
Tabount,30.9014,-6.9217,2026-09-22,33.0,18.6,0.0,1,26.6,48.6,1
Tabount,30.9014,-6.9217,2026-09-23,32.2,16.0,0.0,3,16.2,27.0,2
Tabount,30.9014,-6.9217,2026-09-24,32.9,17.2,0.3,3,9.8,16.9,80
Zaïo,34.9396,-2.7334,2026-09-18,28.0,19.0,0.0,0,16.9,38.5,45
Zaïo,34.9396,-2.7334,2026-09-19,28.0,20.9,0.0,5,25.0,55.4,45
Zaïo,34.9396,-2.7334,2026-09-20,29.3,21.9,0.0,3,24.4,54.7,45
Zaïo,34.9396,-2.7334,2026-09-21,27.7,19.8,0.0,0,22.0,45.4,3
Zaïo,34.9396,-2.7334,2026-09-22,29.3,17.9,0.0,0,12.8,33.1,45
Zaïo,34.9396,-2.7334,2026-09-23,30.1,18.0,0.0,0,14.7,27.7,45
Zaïo,34.9396,-2.7334,2026-09-24,31.7,13.6,0.0,0,14.9,26.6,45
Aguelmous,33.1324,-5.8366,2026-09-18,29.9,14.1,0.0,0,20.1,45.7,3
Aguelmous,33.1324,-5.8366,2026-09-19,31.8,18.0,0.0,20,18.8,42.5,3
Aguelmous,33.1324,-5.8366,2026-09-20,32.3,19.9,0.1,20,19.6,43.2,2
Aguelmous,33.1324,-5.8366,2026-09-21,32.1,19.2,0.0,5,22.0,45.4,2
Aguelmous,33.1324,-5.8366,2026-09-22,30.5,18.8,0.0,1,18.2,34.2,3
Aguelmous,33.1324,-5.8366,2026-09-23,31.8,17.8,0.0,0,17.0,37.4,1
Aguelmous,33.1324,-5.8366,2026-09-24,32.4,17.6,0.0,0,20.0,40.3,0
Asilah,35.4667,-6.0333,2026-09-18,28.7,16.3,0.0,0,25.6,47.2,2
Asilah,35.4667,-6.0333,2026-09-19,29.1,23.1,0.0,0,37.2,68.8,0
Asilah,35.4667,-6.0333,2026-09-20,30.5,24.2,0.0,0,28.0,51.1,1
Asilah,35.4667,-6.0333,2026-09-21,30.0,23.6,0.0,0,29.8,53.6,0
Asilah,35.4667,-6.0333,2026-09-22,30.2,21.9,0.0,0,17.7,33.5,0
Asilah,35.4667,-6.0333,2026-09-23,35.0,20.7,0.0,0,11.0,22.7,1
Asilah,35.4667,-6.0333,2026-09-24,34.6,21.0,0.0,0,16.6,31.7,0
Imzouren,35.1464,-3.8506,2026-09-18,27.4,18.4,0.0,0,18.6,33.5,3
Imzouren,35.1464,-3.8506,2026-09-19,29.2,20.0,0.0,0,26.7,49.0,3
Imzouren,35.1464,-3.8506,2026-09-20,28.7,22.3,0.0,0,21.8,39.2,3
Imzouren,35.1464,-3.8506,2026-09-21,29.0,20.3,0.0,0,20.9,40.0,3
Imzouren,35.1464,-3.8506,2026-09-22,28.4,17.8,0.0,0,14.1,31.0,1
Imzouren,35.1464,-3.8506,2026-09-23,29.6,19.5,0.0,0,11.2,21.6,2
Imzouren,35.1464,-3.8506,2026-09-24,30.6,18.7,0.0,0,11.2,22.0,0
Mediouna,33.4556,-7.5208,2026-09-18,27.4,16.4,0.0,0,18.5,33.5,3
Mediouna,33.4556,-7.5208,2026-09-19,30.9,17.8,0.0,0,17.5,31.7,45
Mediouna,33.4556,-7.5208,2026-09-20,34.9,19.5,0.0,0,17.2,31.3,2
Mediouna,33.4556,-7.5208,2026-09-21,33.9,20.6,0.0,0,17.1,32.4,1
Mediouna,33.4556,-7.5208,2026-09-22,33.5,19.5,0.0,0,16.0,28.8,45
Mediouna,33.4556,-7.5208,2026-09-23,28.3,18.2,0.0,0,12.6,32.8,45
Mediouna,33.4556,-7.5208,2026-09-24,28.3,18.6,0.0,0,12.8,33.5,45
Demnat,31.7311,-7.0361,2026-09-18,27.6,14.3,0.0,0,12.2,24.8,3
Demnat,31.7311,-7.0361,2026-09-19,32.1,18.3,0.0,13,18.3,41.4,3
Demnat,31.7311,-7.0361,2026-09-20,32.5,21.6,0.3,33,17.3,33.8,3
Demnat,31.7311,-7.0361,2026-09-21,32.0,20.6,0.3,4,19.6,36.7,80
Demnat,31.7311,-7.0361,2026-09-22,31.8,20.8,0.0,0,18.2,37.8,2
Demnat,31.7311,-7.0361,2026-09-23,32.3,17.1,0.0,3,17.8,34.9,0
Demnat,31.7311,-7.0361,2026-09-24,32.2,15.4,0.0,3,18.2,35.6,1
Aïn Taoujdat,33.9333,-5.2167,2026-09-18,30.4,16.4,0.0,0,15.5,29.9,3
Aïn Taoujdat,33.9333,-5.2167,2026-09-19,33.7,18.6,0.0,8,19.2,37.4,2
Aïn Taoujdat,33.9333,-5.2167,2026-09-20,34.9,20.2,0.0,0,14.7,28.1,1
Aïn Taoujdat,33.9333,-5.2167,2026-09-21,33.9,19.8,0.0,0,13.0,26.3,3
Aïn Taoujdat,33.9333,-5.2167,2026-09-22,32.8,18.9,0.0,0,11.3,22.3,3
Aïn Taoujdat,33.9333,-5.2167,2026-09-23,34.2,19.8,0.0,0,14.4,26.6,0
Aïn Taoujdat,33.9333,-5.2167,2026-09-24,35.1,19.5,0.0,0,15.0,27.4,0
Sidi Smai’il,32.8167,-8.5,2026-09-18,28.1,17.3,0.0,0,18.2,32.4,45
Sidi Smai’il,32.8167,-8.5,2026-09-19,32.0,17.9,0.0,0,17.2,30.2,3
Sidi Smai’il,32.8167,-8.5,2026-09-20,32.8,19.9,0.0,0,15.3,27.4,2
Sidi Smai’il,32.8167,-8.5,2026-09-21,34.1,20.1,0.0,0,14.4,28.1,45
Sidi Smai’il,32.8167,-8.5,2026-09-22,33.0,18.9,0.0,0,15.3,28.1,45
Sidi Smai’il,32.8167,-8.5,2026-09-23,31.1,18.8,0.0,0,17.7,33.5,45
Sidi Smai’il,32.8167,-8.5,2026-09-24,30.0,18.1,0.0,0,18.7,34.2,45
Moulay Bousselham,34.8786,-6.2933,2026-09-18,25.0,14.7,0.0,0,18.9,31.7,45
Moulay Bousselham,34.8786,-6.2933,2026-09-19,29.9,18.1,0.0,0,17.5,29.9,1
Moulay Bousselham,34.8786,-6.2933,2026-09-20,32.6,21.3,0.0,0,18.0,31.0,0
Moulay Bousselham,34.8786,-6.2933,2026-09-21,31.0,20.9,0.0,0,17.1,31.7,1
Moulay Bousselham,34.8786,-6.2933,2026-09-22,31.0,19.7,0.0,0,20.3,33.5,0
Moulay Bousselham,34.8786,-6.2933,2026-09-23,33.2,18.0,0.0,0,18.4,32.8,1
Moulay Bousselham,34.8786,-6.2933,2026-09-24,31.8,18.9,0.0,0,18.3,32.4,0
Mechraa Bel Ksiri,34.56,-5.95,2026-09-18,31.8,14.7,0.0,0,19.1,34.9,45
Mechraa Bel Ksiri,34.56,-5.95,2026-09-19,37.1,19.0,0.0,0,18.8,36.0,1
Mechraa Bel Ksiri,34.56,-5.95,2026-09-20,37.7,24.7,0.0,0,19.6,37.4,0
Mechraa Bel Ksiri,34.56,-5.95,2026-09-21,37.1,24.6,0.0,0,18.8,35.6,0
Mechraa Bel Ksiri,34.56,-5.95,2026-09-22,36.2,23.7,0.0,0,17.1,32.0,0
Mechraa Bel Ksiri,34.56,-5.95,2026-09-23,37.0,18.2,0.0,0,14.5,34.2,1
Mechraa Bel Ksiri,34.56,-5.95,2026-09-24,36.9,18.0,0.0,0,16.3,33.8,0
Souk et Tnine Jorf el Mellah,34.4945,-5.5047,2026-09-18,32.7,15.6,0.0,0,10.9,20.5,45
Souk et Tnine Jorf el Mellah,34.4945,-5.5047,2026-09-19,37.1,21.2,0.0,3,23.1,44.3,1
Souk et Tnine Jorf el Mellah,34.4945,-5.5047,2026-09-20,37.2,24.8,0.0,0,19.1,36.4,0
Souk et Tnine Jorf el Mellah,34.4945,-5.5047,2026-09-21,36.7,24.6,0.0,0,19.5,36.0,1
Souk et Tnine Jorf el Mellah,34.4945,-5.5047,2026-09-22,35.8,23.7,0.0,0,16.2,31.7,0
Souk et Tnine Jorf el Mellah,34.4945,-5.5047,2026-09-23,37.0,20.8,0.0,0,11.7,20.2,0
Souk et Tnine Jorf el Mellah,34.4945,-5.5047,2026-09-24,37.7,19.2,0.0,0,13.0,27.7,0
Zeghanghane,35.1575,-3.0017,2026-09-18,26.4,19.2,0.0,3,21.1,40.3,3
Zeghanghane,35.1575,-3.0017,2026-09-19,25.9,21.9,0.5,8,27.3,50.8,3
Zeghanghane,35.1575,-3.0017,2026-09-20,26.3,22.3,1.2,23,29.2,59.4,3
Zeghanghane,35.1575,-3.0017,2026-09-21,26.5,21.7,0.0,3,21.1,46.4,3
Zeghanghane,35.1575,-3.0017,2026-09-22,26.8,18.8,0.0,0,20.1,40.7,2
Zeghanghane,35.1575,-3.0017,2026-09-23,28.2,18.8,0.0,0,14.8,27.4,45
Zeghanghane,35.1575,-3.0017,2026-09-24,29.7,15.5,0.0,0,12.5,25.9,45
Oulad Barhil,30.6408,-8.475,2026-09-18,29.9,17.8,0.0,0,27.5,51.1,3
Oulad Barhil,30.6408,-8.475,2026-09-19,34.9,20.2,0.0,5,28.8,52.9,2
Oulad Barhil,30.6408,-8.475,2026-09-20,37.5,21.6,0.0,3,26.8,49.3,2
Oulad Barhil,30.6408,-8.475,2026-09-21,38.1,21.1,0.0,1,28.8,56.5,2
Oulad Barhil,30.6408,-8.475,2026-09-22,37.6,19.7,0.0,3,27.5,57.6,1
Oulad Barhil,30.6408,-8.475,2026-09-23,37.3,18.9,0.0,0,20.5,43.2,0
Oulad Barhil,30.6408,-8.475,2026-09-24,37.5,17.8,0.0,0,21.7,46.1,0
Bir Jdid,33.3737,-8.0002,2026-09-18,25.0,17.5,0.0,0,17.3,33.8,3
Bir Jdid,33.3737,-8.0002,2026-09-19,27.5,18.6,0.0,0,17.3,33.5,45
Bir Jdid,33.3737,-8.0002,2026-09-20,30.8,19.8,0.0,0,14.8,29.2,2
Bir Jdid,33.3737,-8.0002,2026-09-21,30.0,20.3,0.0,0,17.0,33.5,45
Bir Jdid,33.3737,-8.0002,2026-09-22,29.3,19.5,0.0,0,13.8,27.0,45
Bir Jdid,33.3737,-8.0002,2026-09-23,28.9,19.0,0.0,0,17.2,33.1,45
Bir Jdid,33.3737,-8.0002,2026-09-24,28.5,18.7,0.0,0,17.4,33.5,45
Bou Arfa,32.531,-1.9631,2026-09-18,29.7,17.9,0.0,20,23.1,36.0,3
Bou Arfa,32.531,-1.9631,2026-09-19,24.6,18.0,4.7,68,14.5,31.7,95
Bou Arfa,32.531,-1.9631,2026-09-20,27.8,15.7,1.8,35,16.3,34.2,80
Bou Arfa,32.531,-1.9631,2026-09-21,26.0,16.6,0.0,13,14.5,23.4,2
Bou Arfa,32.531,-1.9631,2026-09-22,26.6,15.4,0.0,5,15.5,25.2,3
Bou Arfa,32.531,-1.9631,2026-09-23,28.1,16.5,0.0,2,13.8,22.3,3
Bou Arfa,32.531,-1.9631,2026-09-24,29.3,15.3,0.0,7,10.8,17.3,1
Tahannawt,31.3514,-7.9508,2026-09-18,27.6,14.5,0.0,0,12.2,25.6,2
Tahannawt,31.3514,-7.9508,2026-09-19,31.8,18.0,0.0,23,16.1,28.4,2
Tahannawt,31.3514,-7.9508,2026-09-20,32.9,21.1,0.1,30,17.3,34.9,3
Tahannawt,31.3514,-7.9508,2026-09-21,32.9,21.1,0.0,6,16.6,32.8,2
Tahannawt,31.3514,-7.9508,2026-09-22,32.7,21.4,0.0,3,16.6,32.0,0
Tahannawt,31.3514,-7.9508,2026-09-23,32.8,17.5,0.0,0,14.0,25.9,0
Tahannawt,31.3514,-7.9508,2026-09-24,32.2,17.2,0.0,5,14.6,25.9,1
Arfoud,31.4361,-4.2328,2026-09-18,33.3,19.4,0.0,10,25.3,41.8,3
Arfoud,31.4361,-4.2328,2026-09-19,31.3,21.2,1.5,30,19.5,36.7,80
Arfoud,31.4361,-4.2328,2026-09-20,31.6,20.6,0.1,13,14.1,25.6,3
Arfoud,31.4361,-4.2328,2026-09-21,33.4,20.7,0.3,26,14.0,24.5,3
Arfoud,31.4361,-4.2328,2026-09-22,31.6,21.5,0.0,20,9.6,17.3,3
Arfoud,31.4361,-4.2328,2026-09-23,31.6,20.7,0.0,9,6.3,9.7,3
Arfoud,31.4361,-4.2328,2026-09-24,33.1,21.3,0.0,5,7.6,12.6,2
Tahla,34.05,-4.42,2026-09-18,30.7,15.8,0.0,0,17.2,33.5,3
Tahla,34.05,-4.42,2026-09-19,32.2,20.5,0.1,15,27.0,53.3,2
Tahla,34.05,-4.42,2026-09-20,32.8,21.1,0.0,0,22.5,43.9,0
Tahla,34.05,-4.42,2026-09-21,32.3,20.4,0.0,0,17.2,34.9,3
Tahla,34.05,-4.42,2026-09-22,32.1,19.0,0.0,0,14.5,28.8,2
Tahla,34.05,-4.42,2026-09-23,33.4,19.2,0.0,0,14.3,28.1,1
Tahla,34.05,-4.42,2026-09-24,34.3,19.5,0.0,0,14.7,29.5,0
Missour,33.05,-3.9908,2026-09-18,30.4,15.3,0.0,13,28.0,44.3,3
Missour,33.05,-3.9908,2026-09-19,28.5,17.7,3.0,58,28.9,47.5,95
Missour,33.05,-3.9908,2026-09-20,30.2,17.1,0.6,16,22.8,38.9,45
Missour,33.05,-3.9908,2026-09-21,29.0,18.6,0.0,5,29.3,46.1,45
Missour,33.05,-3.9908,2026-09-22,29.5,16.1,0.0,3,19.6,30.2,3
Missour,33.05,-3.9908,2026-09-23,31.2,17.0,0.0,0,17.7,27.7,2
Missour,33.05,-3.9908,2026-09-24,32.8,16.8,0.0,0,21.0,31.7,1
Sidi Lmokhtar,31.57,-9.01,2026-09-18,30.6,16.7,0.0,0,19.1,32.0,1
Sidi Lmokhtar,31.57,-9.01,2026-09-19,33.8,19.4,0.0,0,16.2,27.0,2
Sidi Lmokhtar,31.57,-9.01,2026-09-20,34.4,21.9,0.0,0,18.3,31.7,2
Sidi Lmokhtar,31.57,-9.01,2026-09-21,37.6,22.2,0.0,0,18.8,36.4,2
Sidi Lmokhtar,31.57,-9.01,2026-09-22,36.9,19.1,0.0,0,21.7,35.6,0
Sidi Lmokhtar,31.57,-9.01,2026-09-23,33.0,17.2,0.0,0,18.6,32.4,1
Sidi Lmokhtar,31.57,-9.01,2026-09-24,31.9,18.1,0.0,0,20.9,34.6,1
Douar Toulal,33.8951,-5.6021,2026-09-18,30.1,15.8,0.0,0,15.7,36.0,3
Douar Toulal,33.8951,-5.6021,2026-09-19,34.7,19.1,0.0,3,13.5,29.9,2
Douar Toulal,33.8951,-5.6021,2026-09-20,35.7,21.9,0.0,0,13.7,31.7,1
Douar Toulal,33.8951,-5.6021,2026-09-21,35.1,20.4,0.0,0,14.0,32.0,1
Douar Toulal,33.8951,-5.6021,2026-09-22,33.5,19.2,0.0,0,13.6,32.0,1
Douar Toulal,33.8951,-5.6021,2026-09-23,34.1,19.0,0.0,0,15.9,30.2,0
Douar Toulal,33.8951,-5.6021,2026-09-24,34.6,19.1,0.0,0,14.6,28.1,0
Oulad Yaïch,32.4167,-6.3333,2026-09-18,33.5,18.2,0.0,0,8.7,15.5,3
Oulad Yaïch,32.4167,-6.3333,2026-09-19,37.2,21.3,0.0,3,15.1,27.4,2
Oulad Yaïch,32.4167,-6.3333,2026-09-20,38.0,23.0,0.1,5,19.6,46.4,3
Oulad Yaïch,32.4167,-6.3333,2026-09-21,37.3,23.0,0.3,2,14.5,27.4,3
Oulad Yaïch,32.4167,-6.3333,2026-09-22,36.3,23.7,0.0,0,13.9,26.6,3
Oulad Yaïch,32.4167,-6.3333,2026-09-23,36.0,22.6,0.0,0,18.0,33.8,1
Oulad Yaïch,32.4167,-6.3333,2026-09-24,36.4,25.3,0.0,0,17.9,33.8,0
Zawyat ech Cheïkh,32.6541,-5.9214,2026-09-18,31.9,14.9,0.0,0,10.4,20.2,3
Zawyat ech Cheïkh,32.6541,-5.9214,2026-09-19,35.2,19.5,0.0,3,13.0,23.8,2
Zawyat ech Cheïkh,32.6541,-5.9214,2026-09-20,35.8,19.9,0.0,10,15.9,29.2,3
Zawyat ech Cheïkh,32.6541,-5.9214,2026-09-21,35.3,18.6,0.0,1,14.1,28.4,3
Zawyat ech Cheïkh,32.6541,-5.9214,2026-09-22,33.6,17.9,0.0,0,15.5,28.4,3
Zawyat ech Cheïkh,32.6541,-5.9214,2026-09-23,34.8,17.7,0.0,0,11.6,21.6,1
Zawyat ech Cheïkh,32.6541,-5.9214,2026-09-24,35.3,18.2,0.0,0,12.4,22.7,0
Imi-n-Tanout,31.177,-8.8504,2026-09-18,26.7,16.0,0.0,0,17.1,29.2,2
Imi-n-Tanout,31.177,-8.8504,2026-09-19,30.9,20.0,0.0,13,16.6,29.5,2
Imi-n-Tanout,31.177,-8.8504,2026-09-20,32.2,23.0,0.5,38,19.7,33.8,80
Imi-n-Tanout,31.177,-8.8504,2026-09-21,34.2,23.0,0.0,5,22.0,43.6,3
Imi-n-Tanout,31.177,-8.8504,2026-09-22,33.4,23.4,0.0,3,22.9,39.6,1
Imi-n-Tanout,31.177,-8.8504,2026-09-23,32.1,22.3,0.0,0,17.2,32.8,0
Imi-n-Tanout,31.177,-8.8504,2026-09-24,31.7,19.6,0.0,0,18.3,31.7,1
Sebt Gzoula,32.1219,-9.0889,2026-09-18,29.4,17.6,0.0,0,17.7,33.8,1
Sebt Gzoula,32.1219,-9.0889,2026-09-19,32.4,18.8,0.0,0,14.5,29.9,2
Sebt Gzoula,32.1219,-9.0889,2026-09-20,30.5,21.1,0.0,0,14.3,28.4,2
Sebt Gzoula,32.1219,-9.0889,2026-09-21,33.8,20.6,0.0,0,14.0,27.0,1
Sebt Gzoula,32.1219,-9.0889,2026-09-22,33.1,19.4,0.0,0,16.3,31.3,45
Sebt Gzoula,32.1219,-9.0889,2026-09-23,28.6,18.2,0.0,0,14.3,28.1,45
Sebt Gzoula,32.1219,-9.0889,2026-09-24,27.4,18.0,0.0,0,14.1,28.1,45
Tifariti,26.158,-10.567,2026-09-18,30.5,16.6,0.0,0,35.0,53.6,3
Tifariti,26.158,-10.567,2026-09-19,31.3,16.3,0.0,0,23.7,37.1,3
Tifariti,26.158,-10.567,2026-09-20,37.4,19.3,0.0,4,12.3,25.6,0
Tifariti,26.158,-10.567,2026-09-21,38.3,25.3,0.0,18,12.0,25.2,1
Tifariti,26.158,-10.567,2026-09-22,38.7,24.5,0.0,7,20.3,37.1,1
Tifariti,26.158,-10.567,2026-09-23,38.6,26.3,0.0,4,21.6,41.4,3
Tifariti,26.158,-10.567,2026-09-24,38.6,27.0,0.0,2,20.3,38.2,3
